experiment,dataset,train_dataset,test_dataset,model,accuracy,precision,recall,f1,roc_auc,pr_auc
cross_dataset,malicious_urls_to_phiusiil,malicious_urls,phiusiil,Random Forest,0.426201300080724,0.426572831841473,0.9979606048547552,0.59767341406378,0.46482136261849943,0.423668060124006
cross_dataset,malicious_urls_to_phiusiil,malicious_urls,phiusiil,Gradient Boosting,0.42520287207375623,0.4259992338143277,0.9956227616394747,0.5966910120733343,0.6049398462809852,0.7454882295214915
cross_dataset,malicious_urls_to_phiusiil,malicious_urls,phiusiil,Logistic Regression,0.42510940221778476,0.4259454765269808,0.9954038997214485,0.5965989720595776,0.010166249591851709,0.25369768296096085
cross_dataset,malicious_urls_to_phiusiil,malicious_urls,phiusiil,Decision Tree,0.41779751030292733,0.42170607130144655,0.9782431356943891,0.5893514814248769,0.4891314251542701,0.42182039687011647
cross_dataset,phiusiil_to_malicious_urls,phiusiil,malicious_urls,Logistic Regression,0.18028940988114892,0.18016508028939812,0.9996705142104032,0.305306466926891,0.33283888384930416,0.13488454492722182
cross_dataset,phiusiil_to_malicious_urls,phiusiil,malicious_urls,Decision Tree,0.18014960759605184,0.18015581789071297,0.9998086856705567,0.3052996102130035,0.49990434283527835,0.18015582274684913
cross_dataset,phiusiil_to_malicious_urls,phiusiil,malicious_urls,Gradient Boosting,0.18014960759605184,0.18015581789071297,0.9998086856705567,0.3052996102130035,0.312424973846081,0.13773484195554
cross_dataset,phiusiil_to_malicious_urls,phiusiil,malicious_urls,Random Forest,0.18014769249625598,0.18015424775015465,0.9997980570966988,0.30529686011622226,0.46710133726298986,0.170733040846315
