accuracy,f1,sample_per_dataset
0.988375,0.9883356327605669,100000
